start,end,duration
117.48934240362811,348.2184126984127,230.72907029478458
713.6742857142857,919.6556009070295,205.98131519274375
1046.775963718821,1261.7564625850341,214.9804988662131
1444.9952834467122,1661.2256689342405,216.23038548752834
2431.3977324263037,2610.6314739229024,179.23374149659867
2922.976054421769,3121.208072562358,198.2320181405894
